{
  "minecraft:entity": {
    "format_version": "1.2.0",

    "components": {
      "minecraft:identifier": {
        "id": "minecraft:zombie"
      },
      "minecraft:type_family": {
        "family": [ "Hunter" ]
      },
      "minecraft:nameable": {
      },
      "minecraft:collision_box": {
        "width": 0.6,
        "height": 1.95
      },
      "minecraft:fire_immune": true,
      "minecraft:breathable": {
        "breathesAir": true,
        "breathesWater": true
      },
      "minecraft:loot": {
        "table": "loot_tables/entities/empty.json"
      },
      "minecraft:scale": {
        "value": 1.0
      },
      "minecraft:health": {
        "value": 10,
        "max": 10
      },
      "minecraft:movement.basic": {
      },
      "minecraft:jump.static": {
      },
      "minecraft:can_climb": {
      },
      "minecraft:navigation.walk": {
        "can_float": false,
        "avoid_water": false,
        "can_pass_doors": true,
        "can_open_doors": true,
        "avoid_damage_blocks": false
      },
      "minecraft:fall_damage": {
        "value": 0.0
      },
      "minecraft:knockback_resistance": {
        "value": 1.0
      },
      "minecraft:attack": {
        "damage": 100.0
      },
     "minecraft:behavior.melee_attack": {
        "priority": 4,
        "track_target": true
      },
      "minecraft:behavior.hurt_by_target": {
        "priority": 1,
        "alert_same_type": true
      },
      "minecraft:behavior.random_stroll": {
        "speed_multiplier": 1
      },
      "minecraft:tick_world": {
        "radius": 2,
        "never_despawn": true
      },
      "minecraft:damage_sensor": [
        {
          "on_damage": {
            "filters": {
              "test": "is_family",
              "subject": "other",
              "value": "player"
            }
          },
          "deals_damage": false
        }
      ],
      "minecraft:behavior.nearest_attackable_target": {
        "priority": 2,
        "within_radius": 128,
        "entity_types": [
          {
            "filters": {  
                "any_of": [
                  { "test" : "is_family", "subject" : "other", "value" : "player" }
                ]
             },
            "max_dist": 128,
            "attack_interval": 0.01
          }
        ]
      },
      "minecraft:movement": {
        "value": 0.33
       },
      "minecraft:physics": {
        "has_gravity": true,
        "has_collision": true
      }
    }
  }
}
