{
  "DM.Gamestart": {
    "category": "music",
    "sounds": [
      {
        "name": "sounds/DM_Sound/game_start",
        "volume": 0.4
      }
    ]
  },
  "DM.Ending": {
    "category": "music",
    "sounds": [
      {
        "name": "sounds/DM_Sound/Ending",
        "volume": 0.4
      }
    ]
  },
  "DM.Gameover": {
    "category": "music",
    "sounds": [
      "sounds/DM_Sound/game_over"
    ]
  },
  "DM.Stepsound": {
    "category": "music",
    "sounds": [
      "sounds/DM_Sound/step_sound"
    ]
  },
  "DM.Stepsound.2": {
    "category": "music",
    "sounds": [
      "sounds/DM_Sound/hitahita_step"
    ]
  },
  "music.game": {
    "category": "music",
    "sounds": [
      {
        "name": "sounds/DM_Sound/BGM",
        "stream": true,
        "volume": 0.4,
        "load_on_low_memory": true
      }
    ]
  },
  "music.game.creative": {
    "category": "music",
    "sounds": [
      {
        "name": "sounds/DM_Sound/BGM",
        "stream": true,
        "volume": 0.4,
        "load_on_low_memory": true
      }
    ]
  }
}