{
  "entity_sounds": {
    "entities": {
      "player": {
        "volume": 1.0,
        "pitch": [ 0.8, 1.2 ],
        "events": {
          "throw": {
            "sound": "random.bow",
            "volume": 0.5,
            "pitch": [ 0.33, 0.5 ]
          },
          "hurt": "game.player.hurt",
          "hurt.in.water": "game.player.hurt",
          "death.in.water": "game.player.die",
          "attack.nodamage": "game.player.attack.nodamage",
          "attack.strong": "game.player.attack.strong",
          "death": {
            "sound": "DM.Gameover",
            "volume": 1.0,
            "pitch": 1.0
            },
          "elderguardian.curse": {
            "sound": "mob.elderguardian.curse",
            "volume": 1.0,
            "pitch": 1.0
          }
        }
      },
      "zombie": {
        "volume": 0.2,
        "pitch": [ 0.8, 1.2 ],
        "events": {
          "ambient": "mob.spider.step",
          "hurt": "No",
          "death": "No",
          "step": "mob.spider.step"
        }
      }
    }
  }
}