{
"format_version": "1.10.0",
"geometry.skin": {
"texturewidth": 64,
"textureheight": 64,
"visible_bounds_width": 2,
"visible_bounds_height": 2,
"visible_bounds_offset": [0, 1, 0],
"bones": [
{
"name": "body",
"pivot": [0, 24, 0],
"cubes": [
{"origin": [-4, 12, -2], "size": [8, 12, 4], "uv": [16, 16]}
]
},
{
"name": "jacket",
"parent": "body",
"pivot": [0, 24, 0],
"cubes": [
{"origin": [-4, 12, -2], "size": [8, 12, 4], "uv": [16, 32], "inflate": 0.5}
]
},
{
"name": "head",
"parent": "body",
"pivot": [0, 24, 0],
"cubes": [
{"origin": [-4, 24, -4], "size": [8, 8, 8], "uv": [0, 0]}
]
},
{
"name": "hat",
"parent": "head",
"pivot": [0, 24, 0],
"cubes": [
{"origin": [-4, 24, -4], "size": [8, 8, 8], "uv": [32, 0], "inflate": 0.5}
]
},
{
"name": "leftSleeve",
"parent": "body",
"pivot": [5, 22, 0],
"cubes": [
{"origin": [4, 12, -2], "size": [4, 12, 4], "uv": [32, 48]}
]
},
{
"name": "leftSleeve",
"parent": "body",
"pivot": [5, 22, 0],
"cubes": [
{"origin": [4, 12, -2], "size": [4, 12, 4], "uv": [48, 48], "inflate": 0.5}
]
},
{
"name": "rightSleeve",
"parent": "body",
"pivot": [-5, 22, 0],
"cubes": [
{"origin": [-8, 12, -2], "size": [4, 12, 4], "uv": [40, 16]}
]
},
{
"name": "rightSleeve",
"parent": "body",
"pivot": [-5, 22, 0],
"cubes": [
{"origin": [-8, 12, -2], "size": [4, 12, 4], "uv": [40, 32], "inflate": 0.5}
]
},
{
"name": "held_item",
"parent": "body",
"pivot": [ -5.7, -3.7, -1.7 ]
},
{
"name": "leg1",
"parent": "body",
"pivot": [1.9, 12, 0],
"cubes": [
{"origin": [0.05, 0, -2], "size": [4, 12, 4], "uv": [16, 48]}
]
},
{
"name": "leg1",
"parent": "body",
"pivot": [1.9, 12, 0],
"cubes": [
{"origin": [0.25, 0, -2], "size": [4, 12, 4], "uv": [0, 48], "inflate": 0.25}
]
},
{
"name": "leg0",
"parent": "body",
"pivot": [-1.9, 12, 0],
"cubes": [
{"origin": [-4.05, 0, -2], "size": [4, 12, 4], "uv": [0, 16]}
]
},
{
"name": "leg0",
"parent": "body",
"pivot": [-1.9, 12, 0],
"cubes": [
{"origin": [-4.25, 0, -2], "size": [4, 12, 4], "uv": [0, 32], "inflate": 0.25}
]
}
]
}
}
